-- Regiones
INSERT INTO region (id, name) VALUES
    (1, 'Metropolitana'),
    (2, 'Valparaíso'),
    (3, 'Bío Bío'),
    (4, 'Los Lagos'),
    (5, 'Maule'),
    (6, 'Antofagasta'),
    (7, 'La Araucanía'),
    (8, 'Coquimbo');

-- Ciudades
INSERT INTO city (id, name, region_id) VALUES
    (1, 'Santiago', 1),
    (2, 'Puente Alto', 1),
    (3, 'Maipú', 1),
    (4, 'Viña del Mar', 2),
    (5, 'Valparaíso', 2),
    (6, 'Quilpué', 2),
    (7, 'Concepción', 3),
    (8, 'Talcahuano', 3),
    (9, 'Los Ángeles', 3),
    (10, 'Puerto Montt', 4),
    (11, 'Osorno', 4),
    (12, 'Castro', 4),
    (13, 'Talca', 5),
    (14, 'Curicó', 5),
    (15, 'Linares', 5),
    (16, 'Antofagasta', 6),
    (17, 'Calama', 6),
    (18, 'Temuco', 7),
    (19, 'Villarrica', 7),
    (20, 'La Serena', 8),
    (21, 'Coquimbo', 8);

-- Usuarios
INSERT INTO users (id, name, last_name, email, phone, created_at) VALUES
    (1, 'Lucas', 'Vargas', 'lucas@test.com', '912345678', NOW()),
    (2, 'Admin', 'System', 'admin@test.com', '987654321', NOW()),
    (3, 'Juan', 'Pérez', 'juan@test.com', '923456789', NOW()),
    (4, 'María', 'Rojas', 'maria.rojas@test.com', '934567801', NOW()),
    (5, 'Pedro', 'Soto', 'pedro.soto@test.com', '945678012', NOW()),
    (6, 'Camila', 'Araya', 'camila.araya@test.com', '956789123', NOW()),
    (7, 'Diego', 'Mora', 'diego.mora@test.com', '967891234', NOW()),
    (8, 'Fernanda', 'Silva', 'fernanda.silva@test.com', '978912345', NOW()),
    (9, 'Matías', 'Herrera', 'matias.herrera@test.com', '989123456', NOW()),
    (10, 'Valentina', 'Castillo', 'valentina.castillo@test.com', '991234567', NOW()),
    (11, 'Sebastián', 'Fuentes', 'sebastian.fuentes@test.com', '992345678', NOW()),
    (12, 'Josefa', 'Navarro', 'josefa.navarro@test.com', '993456789', NOW()),
    (13, 'Ignacio', 'Cáceres', 'ignacio.caceres@test.com', '994567890', NOW()),
    (14, 'Antonia', 'Vera', 'antonia.vera@test.com', '995678901', NOW()),
    (15, 'Tomás', 'Reyes', 'tomas.reyes@test.com', '996789012', NOW()),
    (16, 'Daniela', 'Flores', 'daniela.flores@test.com', '997890123', NOW()),
    (17, 'Nicolás', 'Pizarro', 'nicolas.pizarro@test.com', '998901234', NOW()),
    (18, 'Catalina', 'Ortega', 'catalina.ortega@test.com', '999012345', NOW()),
    (19, 'Javiera', 'Campos', 'javiera.campos@test.com', '911102233', NOW()),
    (20, 'Benjamín', 'Aguilar', 'benjamin.aguilar@test.com', '922203344', NOW());

-- Direcciones
INSERT INTO address (id, street, postal_code, is_primary, user_id, city_id) VALUES
    (1, 'Av. Siempre Viva 123', '8320000', true, 1, 1),
    (2, 'Calle Principal 456', '2520000', false, 1, 4),
    (3, 'Av. Libertad 789', '8370000', true, 2, 1),
    (4, 'Paseo Costanero 111', '4260000', true, 3, 7),
    (5, 'Los Pinos 220', '7501000', true, 4, 2),
    (6, 'Pasaje Sur 18', '7602000', false, 4, 3),
    (7, 'Av. O Higgins 902', '2340000', true, 5, 5),
    (8, 'Calle Esmeralda 44', '2390000', true, 6, 6),
    (9, 'Ruta del Mar 1200', '4030000', true, 7, 8),
    (10, 'Av. Los Carrera 345', '4410000', true, 8, 9),
    (11, 'Lago Azul 77', '5480000', true, 9, 10),
    (12, 'Mirador Norte 60', '5290000', false, 9, 11),
    (13, 'Calle Chacabuco 101', '5100000', true, 10, 12),
    (14, 'Av. Alameda 455', '3460000', true, 11, 13),
    (15, 'Los Robles 88', '3340000', false, 11, 14),
    (16, 'Villa Central 230', '3580000', true, 12, 15),
    (17, 'Costanera 500', '1240000', true, 13, 16),
    (18, 'Minera Norte 12', '1390000', false, 13, 17),
    (19, 'Cerro Ñielol 321', '4780000', true, 14, 18),
    (20, 'Lican Ray 102', '4930000', true, 15, 19),
    (21, 'Avenida del Mar 900', '1710000', true, 16, 20),
    (22, 'Puerto Chico 34', '1780000', false, 16, 21),
    (23, 'San Martín 240', '8321000', true, 17, 1),
    (24, 'Colón 77', '2391000', true, 18, 5),
    (25, 'Nueva Uno 15', '3462000', true, 19, 13),
    (26, 'Nueva Dos 16', '1241000', true, 20, 16);
